Place,Water,Shimmersteel Jars,Water Witching Rods,Khor Crafted Tools,Sarn's Bane Liver,Zar'Kun Sinew,Clack Fiend Molt-skin,Mor Root,Fire Salt,Sweetrock,Music Makers,Finger Fungus,Tiger Cactus Flesh,Scrubcast Resin,Dream Lotus Nectar,Crimson Eyed Melon Juice,Numbspindle,Moon Soaked Zethi-Bulb,Titan's Heart-rock,Shimmersteel Fineware,Vek-kilned Pottery,Shimmersteel,Shimmersteel Cookware,Giant Duzhu Hide,Living Lumber,Sweet Bliss Pomegranates,Brine Scrub,Palestone Bricks,Terrorshriek Talons,Dune Mollusk Pearls,Sunburnt Brew,Kelkris Feathers,Pincer Beast Fur,Frost Iron,Clack Fiend Larvae,Eyes of Arkhul,Reth's Blood,Kel Eel Flesh,Hulv Bone
Kharûn,1,1,0,1,1,1,0,1,1,1,=1/3,1,1,2,1,1,0,1,0,1,1,2,1,1,0,0,1,1,1,1,1,1,1,1,1,0,1,1,1
Zamath,1,1,0,1,0,2,0,1,1,1,=1/3,1,1,1,1,1,0,1,0,1,1,0,1,1,1,1,1,1,1,1,1,1,1,0,1,1,1,1,1
Thalor,1,1,0,2,0,1,0,1,1,1,0,1,1,1,1,0,0,1,1,1,1,1,1,1,0,0,1,1,1,1,1,1,1,0,1,1,1,1,1
Veythar,1,1,0,1,0,1,2,1,1,1,=1/3,1,1,1,1,0,0,1,1,1,1,1,1,1,0,0,1,1,1,1,1,1,1,0,1,1,1,1,1
Ghorath,1,1,0,1,0,1,0,1,1,1,=1/3,1,1,1,1,1,1,1,1,0,1,1,0,1,1,0,0,1,1,1,1,1,1,1,0,1,1,1,1,1
Ashar,1,1,0,1,0,1,0,1,0,0,0,1,1,1,0,0,0,1,0,0,1,0,1,1,0,0,0,1,0,0,1,0,1,0,1,0,0,1,1
Moraq,2,1,0,1,0,1,0,1,0,0,0,1,1,1,0,0,0,1,0,0,1,0,1,1,0,0,0,1,0,0,1,0,1,0,1,0,0,1,1
Torvern,1,1,0,1,0,1,0,1,0,0,0,1,1,1,0,0,0,1,0,0,1,0,1,1,0,0,0,1,0,0,1,0,1,0,1,0,0,1,1
Draven,1,2,2,2,0,1,0,1,0,0,0,1,1,1,0,0,0,1,0,0,1,0,1,1,0,0,0,1,0,0,1,0,1,0,1,0,0,1,1
Sorel,1,1,0,1,0,1,0,1,0,0,0,1,1,1,0,0,0,1,0,0,1,0,1,1,0,0,0,1,0,0,1,0,1,0,1,0,0,1,1
Kethra,1,1,0,1,0,1,0,1,0,0,0,1,1,1,0,0,0,1,0,0,1,0,1,1,0,0,0,1,0,0,1,0,1,0,1,0,0,1,1
Neth,1,1,0,1,0,1,0,1,0,0,0,1,1,1,0,0,0,1,0,0,1,0,1,1,0,0,0,1,0,0,1,0,1,0,1,0,0,1,1
Rukh,1,1,0,1,0,1,0,1,0,0,0,1,1,1,0,0,0,1,0,0,1,0,1,1,0,0,0,1,0,0,1,0,1,0,1,0,0,1,1
Ghûl,1,1,0,1,0,1,0,1,0,0,0,1,1,1,0,0,1,1,0,0,1,0,1,1,0,0,0,1,0,0,1,0,1,0,1,0,0,1,1
Westmark,1,1,0,1,0,1,0,1,0,0,0,0,1,1,0,0,0,1,0,0,1,0,1,1,0,0,0,1,0,0,1,0,1,0,1,0,0,1,1
Kaleth,1,1,0,1,0,1,0,1,0,0,0,0,1,1,0,0,0,1,0,0,1,0,1,1,0,0,0,1,0,0,1,0,1,0,1,0,0,1,1
Southmark,1,1,0,1,0,1,0,1,0,0,0,0,1,1,0,0,0,1,0,0,1,0,1,1,0,0,0,1,0,0,1,0,1,0,1,0,0,1,1
Highmark,1,1,0,1,0,1,0,1,0,0,0,2,1,1,0,0,0,1,0,0,1,0,1,1,0,0,0,1,0,0,1,0,1,0,1,0,0,1,1
Brineford,1,1,0,1,0,1,0,1,0,0,0,0,1,1,0,0,0,1,0,0,1,0,1,1,0,0,0,1,0,0,1,0,1,0,1,0,0,1,1
Ridgewatch,1,1,0,1,0,1,0,1,0,0,0,0,1,1,0,0,0,1,0,0,1,0,1,1,0,0,0,1,0,0,1,0,1,0,1,0,0,1,1
