Good,Weight,Pack,Base price
Shimmersteel,4,2,20
Shimmersteel Jars,3,2,50
Shimmersteel Cookware,2,2,70
Shimmersteel Fineware,1,1,140
Frost Iron,4,1,60
Titan's Heart-rock,5,2,40
Palestone Bricks,1,2,18
Living Lumber,3,4,36
Hulv Bone,5,4,44
Water Witching Rods,1,1,28
Khor Crafted Tools,2,2,32
Vek-kilned Pottery,2,2,24
Zar'Kun Sinew,2,3,22
Scrubcast Resin,2,1,16
Brine Scrub,4,2,14
Mor Root,1,1,8
Giant Duzhu Hide,2,3,30
Pincer Beast Fur,2,3,20
Clack Fiend Molt-skin,1,2,12
Tiger Cactus Flesh,2,2,10
Kel Eel Flesh,2,2,12
Clack Fiend Larvae,2,2,11
Moon Soaked Zethi-Bulb,2,2,9
Finger Fungus,1,1,26
Fire Salt,2,1,15
Sweetrock,2,1,15
Sweet Bliss Pomegranates,1,1,34
Sunburnt Brew,1,1,18
Crimson Eyed Melon Juice,1,1,36
Dream Lotus Nectar,1,1,200
Sarn's Bane Liver,3,2,42
Numbspindle,1,1,38
Dune Mollusk Pearls,1,1,80
Eyes of Arkhul,1,1,110
Terrorshriek Talons,1,1,48
Kelkris Feathers,1,1,22
Reth's Blood,1,1,40
Ishka Crafted Music Makers,2,3,55
